BIOME_NUM,GID_0,NAME_0,sum
6.0,CAN,,15410.705112640268
6.0,SPM,,0.0
6.0,USA,,0.0
6.0,CHN,,0.0
6.0,MNG,,87354.66838667971
6.0,NOR,,0.1204233587691424
6.0,RUS,,15728.739909683118
6.0,ISL,,0.0
6.0,FIN,,0.0
6.0,SWE,,0.0
