"","BIOME_NUM","BIOME_NAME","Crop_TotalC_sum_MgC_30yr","Graze_TotalC_sum_MgC_30yr","Crop_FluxDensity_mean_MgC/ha/yr","Graze_FluxDensity_mean_MgC/ha/yr","Crop_Area_sum_ha_positiveDelta","Graze_Area_sum_ha_positiveDelta","Crop_TreeCover_mean_percent_positiveDelta","Graze_TreeCover_mean_percent_positiveDelta","Crop_positiveDelta_mean_percent","Graze_positiveDelta_mean_percent"
"1",1,"Tropical & Subtropical Moist Broadleaf Forests",1586534612.13122,1947635472.95567,0.429845376413462,0.708586896871485,123031420.070858,91620636.3940575,9.970139513,13.57994378,11.09995895,17.66828466
"2",2,"Tropical & Subtropical Dry Broadleaf Forests",2802468803.33,360809875.859601,1.26151854882028,0.370435964753327,74050141.2880733,32467138.7401476,6.033857748,11.62846301,35.96181286,11.84812494
"3",4,"Temperate Broadleaf & Mixed Forests",3962771486.2568,542522969.997934,0.489518541676515,0.321771165179354,269841429.137359,56201738.8657282,7.710294381,10.47077193,27.82812298,24.5274303
"4",5,"Temperate Conifer Forests",45299719.8921542,197399294.99571,0.193175967466032,0.186925292028621,7816658.99169017,35201103.2238993,6.60306817,6.46103285,13.15149438,18.70201688
"5",7,"Tropical & Subtropical Grasslands, Savannas & Shrublands",3797829455.19914,6631138565.62959,0.810407253382193,0.407091825169166,156210738.051726,542968290.006317,5.774880572,8.839769815,19.44682501,18.07555853
"6",8,"Temperate Grasslands, Savannas & Shrublands",2418034597.15512,1381370120.70598,0.315734707176229,0.133050900607598,255281257.988265,346075603.24601,3.870625099,3.371749382,23.796589,16.65622394
"7",10,"Montane Grasslands & Shrublands",428952785.844514,818595440.797486,0.700507093635875,0.211541175362367,20411536.6207119,128989141.931863,4.582929527,4.027578159,23.0819157,16.06661223
"8",12,"Mediterranean Forests, Woodlands & Scrub",119809372.471206,174804647.642622,0.0804659343272463,0.125706430599481,49631509.0656684,46352613.4685385,3.309155155,5.689417816,6.713220904,17.3204392
"9",13,"Deserts & Xeric Shrublands",45287112.1647477,209742329.082085,0.0184396608809985,0.0231260246788437,81865410.3908793,302317889.325732,4.370580215,2.31464172,1.071443055,3.165523873
