BIOME_NUM,BIOME_NAME,Crop_TotalC_sum_MgC_30yr,Graze_TotalC_sum_MgC_30yr,Crop_FluxDensity_mean_MgC.ha.yr,Graze_FluxDensity_mean_MgC.ha.yr,Crop_Area_sum_ha_positiveDelta,Graze_Area_sum_ha_positiveDelta,Crop_TreeCover_mean_percent_positiveDelta,Graze_TreeCover_mean_percent_positiveDelta,Crop_positiveDelta_mean_percent,Graze_positiveDelta_mean_percent,Crop_totalArea_has_sum,Graze_totalArea_has_sum
1,Tropical & Subtropical Moist Broadleaf Forests,1586534612,1947635473,0.429845376,0.708586897,123031420.1,91620636.39,9.970139513,13.57994378,11.09995895,17.66828466,1.33E+08,1.47E+08
2,Tropical & Subtropical Dry Broadleaf Forests,2802468803,360809875.9,1.261518549,0.370435965,74050141.29,32467138.74,6.033857748,11.62846301,35.96181286,11.84812494,79100000,41600000
4,Temperate Broadleaf & Mixed Forests,3962771486,542522970,0.489518542,0.321771165,269841429.1,56201738.87,7.710294381,10.47077193,27.82812298,24.5274303,2.87E+08,95500000
5,Temperate Conifer Forests,45299719.89,197399295,0.193175967,0.186925292,7816658.992,35201103.22,6.60306817,6.46103285,13.15149438,18.70201688,8453397.364,48900000
7,"Tropical & Subtropical Grasslands, Savannas, and Shrublands",3797829455,6631138566,0.810407253,0.407091825,156210738.1,542968290,5.774880572,8.839769815,19.44682501,18.07555853,1.90E+08,7.20E+08
8,"Temperate Grasslands, Savannas, and Shrublands",2418034597,1381370121,0.315734707,0.133050901,255281258,346075603.2,3.870625099,3.371749382,23.796589,16.65622394,2.90E+08,3.90E+08
10,Montane Grasslands & Shrublands,428952785.8,818595440.8,0.700507094,0.211541175,20411536.62,128989141.9,4.582929527,4.027578159,23.0819157,16.06661223,23100000,1.60E+08
12,"Mediterranean Forests, Woodland, & Scrub",119809372.5,174804647.6,0.080465934,0.125706431,49631509.07,46352613.47,3.309155155,5.689417816,6.713220904,17.3204392,7.10E+07,68200000
13,Deserts & Xeric Shrublands,45287112.16,209742329.1,0.018439661,0.023126025,81865410.39,302317889.3,4.370580215,2.31464172,1.071443055,3.165523873,1.03E+08,6.81E+08
