BIOME_NAME,BIOME_NUM,GID_0,sum
,6.0,CAN,6510426.302092548
,6.0,SPM,21.96649527030197
,6.0,USA,1615.4000008880403
,6.0,CHN,0.0
,6.0,MNG,11200.17417642567
,6.0,NOR,273126.8263228195
,6.0,RUS,2846340.9336499595
,6.0,ISL,0.0
,6.0,FIN,1641965.7728837281
,6.0,SWE,182588.97198608163
